{"nTriangles":1,"triangles":[[1,0,2],[5,3,1],[5,3,1],[4,5,2],[0,4,2],[5,1,2],[1,0,2],[0,0,0],[0,0,0]],"vertices":[{"i":0,"x":550.0,"y":528.0,"z":-1.97230124473572},{"i":1,"x":697.0,"y":303.0,"z":11.5374383926392},{"i":2,"x":799.0,"y":659.0,"z":-10.2295484542847}]}